config,backend,language,split,file_id,reference,hypothesis,hypothesis_raw,wer,cer,latency_sec,rtf,audio_duration_sec,error
azure_whisper_fi,azure_whisper,fi,2016-dev-seen,jouni_backman_01959,tämä on ensimmäinen varsinainen budjetti koko vaalikaudelle mutta on tärkeää että heti alkuvaiheessa hallitus toteuttaa omaan hallitusohjelmaansa kirjattuja,tämä on ensimmäinen varsinainen budjeti koko vaalikaudelle mutta on tärkeää että heti alkuvaiheessa hallitus toteuttaa oman hallitusohjelmansa kirjattuja,"Tämä on ensimmäinen varsinainen budjeti koko vaalikaudelle, mutta on tärkeää, että heti alkuvaiheessa hallitus toteuttaa oman hallitusohjelmansa kirjattuja...",0.166667,0.019231,1.659,0.1497,11.088,
azure_whisper_fi,azure_whisper,fi,2016-dev-seen,carl_haglund_02628,mutta et se tärkeä mikä pitäisi parantaa on se että kun siinä kutsuntatilanteessa todetaan että se kaveri ei kykene suorittamaan sitä palvelusta niin siinä vaiheessa pitäisi joku muu taho katsoa että jos sen nuoren miehen tilanne ei ole hyvä että varmistetaan että joku ottaa siitä kopin niin että se ei putoa järjestelmästä väliin,tärkeää mikä pitäisi parantaa on se että kun siinä kutsuntatilanteessa todetaan että se kaveri ei kykene suorittamaan sitä palvelusta niin siinä vaiheessa pitäisi joku muu taho katsoa että jos sen nuoren miehen tilanne ei ole hyvä että varmistetaan että joku ottaa siitä kopin niin että se ei putoa järjestelmästä väliin,"Tärkeää, mikä pitäisi parantaa, on se, että kun siinä kutsuntatilanteessa todetaan, että se kaveri ei kykene suorittamaan sitä palvelusta, niin siinä vaiheessa pitäisi joku muu taho katsoa, että jos sen nuoren miehen tilanne ei ole hyvä, että varmistetaan, että joku ottaa siitä kopin niin, että se ei putoa järjestelmästä väliin.",0.075472,0.039275,1.543,0.0784,19.672,
azure_whisper_fi,azure_whisper,fi,2016-dev-seen,anne_mari_virolainen_04351,valtiovarainvaliokunnassa pidimme tärkeänä myös päihdeäitien sekä heidän syrjäytymisvaarassa olevien lastensa asiaa,valtiovarainvaliokunnassa pidimme tärkeänä myös päideäitien sekä heidän syrjäytymisvaarassa olevien lastensa asiaa,Valtiovarainvaliokunnassa pidimme tärkeänä myös päideäitien sekä heidän syrjäytymisvaarassa olevien lastensa asiaa.,0.090909,0.008696,7.173,0.9187,7.808,
azure_whisper_fi,azure_whisper,fi,2016-dev-seen,jyri_hakamies_02700,meillä on esimerkiksi kaakkois suomessa tämmöinen liikuntaneuvoja mukana näissä tilaisuuksissa ja pyritään niitä jotka itse arvioivat että heidän kuntonsa edellyttäisi kohentamista niin ennen palvelukseen astumista eli vuoden kahden aikana siihen kuntopuoleen,meillä on esimerkiksi kaakkois suomessa tällainen liikuntaneuvoja mukana näissä tilaisuuksissa pyritään niitä jotka itse arvioivat että heidän kuntoonsa edellyttäisi kohentamista niin ennen palveluksen astumista eli vuoden kahden aikana siihen kuntoon puoleen,"Meillä on esimerkiksi Kaakkois-Suomessa tällainen liikuntaneuvoja mukana näissä tilaisuuksissa. Pyritään niitä, jotka itse arvioivat, että heidän kuntoonsa edellyttäisi kohentamista, niin ennen palveluksen astumista, eli vuoden kahden aikana siihen kuntoon puoleen.",0.193548,0.042471,51.86,3.8236,13.563,
azure_whisper_fi,azure_whisper,fi,2016-dev-seen,hanna_tainio_01920,lastensuojelun puolellahan on ollut myös vakavia ongelmia mutta niihinkin puututaan nyt vahvistamalla lapsen oikeuksia ja parantamalla työntekijöiden mahdollisuuksia perehtyä lapsen tilanteeseen ja,lastensuojelun puolellahan on ollut myös vakavia ongelmia mutta niihinkin puututaan nyt vahvistamalla lapsen oikeuksia ja parantamalla työntekijöiden mahdollisuuksia perehtyä lapsen tilanteeseen,"Lastensuojelun puolellahan on ollut myös vakavia ongelmia, mutta niihinkin puututaan nyt vahvistamalla lapsen oikeuksia ja parantamalla työntekijöiden mahdollisuuksia perehtyä lapsen tilanteeseen.",0.045455,0.015228,0.868,0.0832,10.424,
azure_whisper_fi,azure_whisper,fi,2016-dev-seen,eero_suutari_02968,arvoisa puhemies,arvoisa puheenmies,Arvoisa puheenmies.,0.5,0.125,6.625,7.3282,0.904,
azure_whisper_fi,azure_whisper,fi,2016-dev-seen,eero_suutari_02922,samalla eduskunta hyväksyy seuraavan hyväksyi seuraavan lausuman,samalla eduskunta hyväksyi seuraavan lausun,Samalla eduskunta hyväksyi seuraavan lausun.,0.428571,0.328125,51.745,14.6337,3.536,
azure_whisper_fi,azure_whisper,fi,2016-dev-seen,carl_haglund_02703,valitettavasti valtiontalouden tilasta johtuen eivät puolustusvoimauudistuksen hedelmät ole kuitenkaan jäämässä puolustusvoimien käyttöön,valitettavasti valtiotalouden tilasta johtuen eivät puolustusvoimauudistuksen hedelmät ole kuitenkaan jäämässä puolustusvoimien käyllä,Valitettavasti valtiotalouden tilasta johtuen eivät puolustusvoimauudistuksen hedelmät ole kuitenkaan jäämässä puolustusvoimien käyllä.,0.166667,0.043796,0.737,0.0698,10.552,
azure_whisper_fi,azure_whisper,fi,2016-dev-seen,jyri_hakamies_02689,kysymys on siis paitsi siitä että se on olennainen osa että sen korvaaminen tulisi kovin kovin tuota kalliiksi eli eli tässä suhteessa puolustushallinto on lähtenyt lähtenyt tuomalla esille näitä faktoja mutta hallitus lähikuukausina asiaa käsittelee,kysymys on siis paitsi siitä että se on olennainen osa että sen korvaaminen tulisi kovin tuolta kalliiksi eli tässä suhteessa puolustushallinto on lähtenyt tuomalla esille näitä faktoja mutta hallitus lähikuukausina asiaa käsittelee,"Kysymys on siis paitsi siitä, että se on olennainen osa, että sen korvaaminen tulisi kovin tuolta kalliiksi. Eli tässä suhteessa puolustushallinto on lähtenyt tuomalla esille näitä faktoja, mutta hallitus lähikuukausina asiaa käsittelee.",0.114286,0.08,8.826,0.6486,13.607,
azure_whisper_fi,azure_whisper,fi,2016-dev-seen,carl_haglund_02604,mitä tulee tähän maanpuolustustahtoon näille alueille joista lakkaa varuskunnat niin puolustusvoimissa on tällä hetkellä suunnitteilla nämä niin sanotut paikallisjoukot joka on siis uusi joukkotyyppi joka on edustaja joka on komentaja puheloisen,maanpuolustusvoimissa on tällä hetkellä suunnitteleva ns paikallisjoukot joka on uusi joukkotyyppi joka on komentaja puheloisen,"Maanpuolustusvoimissa on tällä hetkellä suunnitteleva ns. paikallisjoukot, joka on uusi joukkotyyppi, joka on komentaja puheloisen.",0.612903,0.493878,51.173,3.9198,13.055,
azure_whisper_fi,azure_whisper,fi,2016-dev-seen,jyri_hakamies_02376,energiapaletti se perustuu yhtäältä ydinvoiman lisäämiseen ja toisaalta vahvoihin panostuksiin uusiutuvan energian osalta mutta mielestäni kunnianhimon tasoa on syytä nostaa ja sitä hallitus tulee tämän syksyn aikana käsittelemään ja energiailmastostrategia uudistetaan ajastetaan tämän syksyn aikana ja eduskunta saa sen sitten käsiteltäväkseen,energiapaletti perustuu yhtäältä ydinvoiman lisäämiseen ja toisaalta vahvoihin panostuksiin uusiutuva energia osalta mutta mielestäni kunnianhimo tasoa on syytä nostaa ja sitä hallitus tulee tämän syksyn aikana käsittelemään energia ilmastostrategia ajastetaan tämän syksyn aikana ja eduskunta saa sen sitten käsiteltäväkseen,"Energiapaletti perustuu yhtäältä ydinvoiman lisäämiseen ja toisaalta vahvoihin panostuksiin uusiutuva energia osalta. Mutta mielestäni kunnianhimo tasoa on syytä nostaa, ja sitä hallitus tulee tämän syksyn aikana käsittelemään. Energia-ilmastostrategia ajastetaan tämän syksyn aikana, ja eduskunta saa sen sitten käsiteltäväkseen.",0.170732,0.063768,10.2,0.5352,19.056,
azure_whisper_fi,azure_whisper,fi,2016-dev-seen,jyri_hakamies_02695,sen yhtiön enemmistö on on on eduskuntavaltuuden takana ja yrityksellä on hyvin keskeinen ja tärkeä rooli energiayhtiönä että siinä mielessä,ene yhtiön enemmistön on eduskuntavaltuuden takana ja yrityksellä on hyvin keskeinen ja tärkeä rooli energiayhtiönä että siinä mielessä,"Ene-yhtiön enemmistön on eduskuntavaltuuden takana ja yrityksellä on hyvin keskeinen ja tärkeä rooli energiayhtiönä, että siinä mielessä...",0.2,0.05,50.933,5.857,8.696,
azure_whisper_fi,azure_whisper,fi,2016-dev-seen,jari_koskinen_02952,on kerrottu että se on edelleenkin meille tärkeä jatkossa ja edelleenkin sen pitää olla samalla tavalla tuotantoon sidottua tukea ja myös mukana oltava investointituet koska se kokonaisuus on meidän mielestämme järkevin ja toiminut tähänkin asti,on kerrottu että se on edelleenkin meille tärkeä jatkossa ja edelleenkin se pitää olla samalla tavalla tuotantoasennettua tukea ja myös mukana investointituet koska se kokonaisuus on meidän mielestämme järkevin ja toimiin ollut tähänkin asti,"On kerrottu, että se on edelleenkin meille tärkeä jatkossa, ja edelleenkin se pitää olla samalla tavalla tuotantoasennettua tukea ja myös mukana investointituet, koska se kokonaisuus on meidän mielestämme järkevin ja toimiin ollut tähänkin asti.",0.171429,0.081633,0.927,0.0788,11.763,
azure_whisper_fi,azure_whisper,fi,2016-dev-seen,carl_haglund_02557,taustalla on etenkin se että on haluttu päivittää tätä nykyistä puitelakia jossa suuri yhteiskunnallinen muutos on se tosiasia että liian harva suomalainen liikkuu ja on liian monia suomalaisia jotka sitten eivät liiku,taustalla on etenkin se että on haluttu päivittää tämä nykyistä puiteoakia jossa suuri yhteiskunnallinen muutos on se tosiasia että liian harva suomalainen liikkuu ja on liian monia suomalaisia jotka sitten eivät liiku,"Taustalla on etenkin se, että on haluttu päivittää tämä nykyistä puiteoakia, jossa suuri yhteiskunnallinen muutos on se tosiasia, että liian harva suomalainen liikkuu ja on liian monia suomalaisia, jotka sitten eivät liiku.",0.0625,0.009174,8.318,0.5164,16.107,
azure_whisper_fi,azure_whisper,fi,2016-dev-seen,jouni_backman_01836,se millä tavalla se muistuttaa taas sitä keskustan ajattelutapaa on tämä miljardiluokan rahasto jolla valtio olisi panostamassa yritystoimintaan,se millä tavalla se muistuttaa taas sitä keskustan ajattelutapaa on tämä miljardiluokan rahasto jolla valtio olisi panostamassa yritystoimintaa,"Se, millä tavalla se muistuttaa, taas sitä keskustan ajattelutapaa, on tämä miljardiluokan rahasto, jolla valtio olisi panostamassa yritystoimintaa.",0.055556,0.006944,50.039,4.279,11.694,
azure_whisper_fi,azure_whisper,fi,2016-dev-seen,jan_vapaavuori_05850,se johtuu eun pankkikriisin seurauksena syntyneestä pankkisääntelystä joka kiristää vakavaraisuusvaatimuksia,se johtuu eu pankkikriisin seurauksena syntyneestä pankkisääntelystä joka kiristää vakavaraisuusvaatimuksia,"Se johtuu EU-pankkikriisin seurauksena syntyneestä pankkisääntelystä, joka kiristää vakavaraisuusvaatimuksia.",0.1,0.009259,0.658,0.0999,6.584,
azure_whisper_fi,azure_whisper,fi,2016-dev-seen,anne_mari_virolainen_04370,liikennepoliittisen selonteon käsittelyn yhteydessä eduskunta hyväksyy kannanoton jonka mukaan mahdollisuudet tie ja liikennerahastojen käyttämiseen on selvitettävä tällä hallituskaudella,liikennepoliittisen selonteon käsittelyn yhteydessä eduskunta hyväksyy kannanoton jonka mukaan mahdollisuudet tie ja liikennerahastojen käyttämiseen on selvitettävä tällä hallituskaudella,"Liikennepoliittisen selonteon käsittelyn yhteydessä eduskunta hyväksyy kannanoton, jonka mukaan mahdollisuudet tie- ja liikennerahastojen käyttämiseen on selvitettävä tällä hallituskaudella.",0.0,0.0,9.093,0.8912,10.203,
azure_whisper_fi,azure_whisper,fi,2016-dev-seen,anne_mari_virolainen_04368,koska jo vuosien ajan korjausvelkaa on kerätty runsaasti on aivan ilmeistä että perusväylänpidon rahoitus on tällä hetkellä pahasti jäljessä tavoitetasosta,koska jo vuosien ajan korjausvelkaa on kerätty runsaasti on aivan ilmeistä että perusväylänpidon rahoitus on tällä hetkellä pahasti jäljessä tavoitetasosta,"Koska jo vuosien ajan korjausvelkaa on kerätty runsaasti, on aivan ilmeistä, että perusväylänpidon rahoitus on tällä hetkellä pahasti jäljessä tavoitetasosta.",0.0,0.0,50.173,6.1554,8.151,
azure_whisper_fi,azure_whisper,fi,2016-dev-seen,carl_haglund_02577,lakiin on myös lisätty hajanaisen käsitekentän yhtenäistämiseksi määritelmät liikunnasta huippu urheilusta ja terveyttä ja hyvinvointia edistävästä liikunnasta lain sovinto,lakiin on myös lisätty hajanaisen käsitekentän yhtenäistämiseksi määritelmät liikunnasta huippu urheilusta ja terveyden ja hyvinvoinnista edistävästä liikunnasta lain sovintaa,"Lakiin on myös lisätty hajanaisen käsitekentän yhtenäistämiseksi määritelmät liikunnasta, huippu-urheilusta ja terveyden ja hyvinvoinnista edistävästä liikunnasta lain sovintaa.",0.157895,0.046512,0.898,0.0679,13.224,
azure_whisper_fi,azure_whisper,fi,2016-dev-seen,eero_suutari_02912,yliopistokeskuksia kehitetään erityisesti aikuisväestön koulutus ja osaamistason nostamisen alueellisina koordinaatio ja resurssikeskuksina sekä alueen tarpeita tukevaan tutkimustoimintaan tukevaan tutkimustoimintaan jossa tehtävässä ne toimivat tiiviissä yhteistyössä alueiden ja niiden,yliopistokeskuksia kehitetään erityisesti aikkuisväestön koulutus ja osaamistason nostamisen alueellisina koordinaatio ja resurssikeskuksina sekä alueen tarpeita tukevaan tutkimustoimintaan jossa tehtävässä ne toimivat tiivissä yhteistyössä alueiden ja niiden yhteistyössä,"Yliopistokeskuksia kehitetään erityisesti aikkuisväestön koulutus- ja osaamistason nostamisen alueellisina koordinaatio- ja resurssikeskuksina sekä alueen tarpeita tukevaan tutkimustoimintaan, jossa tehtävässä ne toimivat tiivissä yhteistyössä alueiden ja niiden yhteistyössä.",0.178571,0.149826,9.641,0.5546,17.384,
azure_whisper_fi,azure_whisper,fi,2016-dev-seen,eero_suutari_02947,vesihuoltohankkeet ovat haja asutusalueilla monessa mielessä tarpeellisia ja perusteltuja,vesihuolto hankkeet ovat haja asuntoalueilla monessa mielessä tarpeellisia ja perusteltuja,Vesihuolto-hankkeet ovat haja-asuntoalueilla monessa mielessä tarpeellisia ja perusteltuja.,0.333333,0.044944,48.953,6.489,7.544,
azure_whisper_fi,azure_whisper,fi,2016-dev-seen,jari_koskinen_02773,ne pitää suunata uudestaan mutta olen kovin huolissani että jos metsänomistajan ainoa motiivi tehdä metsässä uudistustöitä tai nuoren metsän hoitotöitä on se että siihen saa valtiolta vähän rahaa,pitää suunnata uudestaan mutta olen kovin huolissani että jos metsänomistajan ainoa motiivi tehdä metsässä uudistustöitä tai nuoren metsän hoitotöitä on se että siihen saa valtilta vähän rahaa,"Pitää suunnata uudestaan, mutta olen kovin huolissani, että jos metsänomistajan ainoa motiivi tehdä metsässä uudistustöitä tai nuoren metsän hoitotöitä on se, että siihen saa valtilta vähän rahaa.",0.107143,0.025641,0.846,0.069,12.257,
azure_whisper_fi,azure_whisper,fi,2016-dev-seen,jouni_backman_01871,allekirjoittanut kaupunginvaltuuston puheenjohtajana ei ole voinut vaikuttaa niihin päätöksiin missä on yksityistetty sosterin puoleen ja nyt niitä palautetaan takaisin kunnan omaan työhön,allekirjoittanut kaupunginvaltuuston puheenjohtaja ei ole voinut vaikuttaa niihin päätöksiin missä on yksityistetty sosterin puoleen ja nyt niitä palautetaan takaisin kunnan omaan työhön,"Allekirjoittanut kaupunginvaltuuston puheenjohtaja ei ole voinut vaikuttaa niihin päätöksiin, missä on yksityistetty Sosterin puoleen ja nyt niitä palautetaan takaisin kunnan omaan työhön.",0.045455,0.010638,10.14,1.2445,8.148,
azure_whisper_fi,azure_whisper,fi,2016-dev-seen,anne_mari_virolainen_04355,sitä odotellessa toivomme tästä salista kaikilta kaikilta kannatusta istanbulin sopimuksen eteenpäinviemiseen edustaja tossavainen poissa,sitä odotellessa toivomme tästä sallista kaikilta kannatusta istanbulin sopimuksen eteenpäin viemiseen,Sitä odotellessa toivomme tästä sallista kaikilta kannatusta Istanbulin sopimuksen eteenpäin viemiseen.,0.428571,0.284672,49.037,4.0353,12.152,
azure_whisper_fi,azure_whisper,fi,2016-dev-seen,jari_koskinen_03001,ja kyl se meidän toivomus on kaikkien se että markkinat toimisi paremmin ja kysyntää olisi sillä tavalla että syntyisi myös semmoista energiantuotantoa ettei aina kysyttäisi sitä paljonko pitää maksaa tukea elikkä että löytyisi sitten ihan kannattavaa toimintaa,tietysti meidän toivomus on kaikkiaan se että markkinat toimisivat paremmin ja kysyntä olisi sillä tavalla että ei syntyisi myös sellaista energiantuotantoa että aina kun kysyttäisiin sitä että paljonko pitää maksaa tukea eli että löytyisi sitten ihan kannattavaa toimintaa,"Tietysti meidän toivomus on kaikkiaan se, että markkinat toimisivat paremmin ja kysyntä olisi sillä tavalla, että ei syntyisi myös sellaista energiantuotantoa, että aina kun kysyttäisiin sitä, että paljonko pitää maksaa tukea, eli että löytyisi sitten ihan kannattavaa toimintaa.",0.351351,0.137931,2.11,0.1651,12.779,
azure_whisper_fi,azure_whisper,fi,2016-dev-seen,eero_suutari_02863,sulussa kulutustason nosto asiantuntemusta ja tutkimustoimintaa yritysten ja julkisen sektorin käyttöön sulku kiinni että emo yhtiö emo yliopistolle muun muassa,sulussa koulutustason nosto asiantuntemusta ja tutkimustoimintaa yritysten ja julkisen sektorin käyttöön sulku kiinni,"sulussa koulutustason nosto, asiantuntemusta ja tutkimustoimintaa yritysten ja julkisen sektorin käyttöön sulku kiinni.",0.4,0.28125,8.972,0.8496,10.56,
azure_whisper_fi,azure_whisper,fi,2016-dev-seen,jyri_hakamies_02477,eli eli ihan perustuslain mukaan että valtioneuvosto valmistelee mutta eduskuntaseuranta eduskuntavalmistelu olisi siinä tiiviisti mukana kriisihallinnan,eli ihan perustuslain mukaan että valtioneuvosto valmistelee mutta eduskunta seuranta eduskunta valmistelu olisi siinä tiiviisti mukana,"Eli ihan perustuslain mukaan, että valtioneuvosto valmistelee, mutta eduskunta, seuranta, eduskunta, valmistelu olisi siinä tiiviisti mukana.",0.375,0.143791,49.065,4.5498,10.784,
azure_whisper_fi,azure_whisper,fi,2016-dev-seen,jouni_backman_01973,se on ongelma niin yksittäisten kansalaisten koko yhteiskunnan tasolla ja siihen pitää määrätietoisesti puuttua,se on ongelma yksittäisten kansalaisten koko yhteiskunnan tasolla ja siihen pitää määrätietoista puutua,"Se on ongelma yksittäisten kansalaisten, koko yhteiskunnan tasolla, ja siihen pitää määrätietoista puutua.",0.214286,0.081081,0.584,0.0615,9.504,
azure_whisper_fi,azure_whisper,fi,2016-dev-seen,jyri_hakamies_02433,tähän tämä team finland juuri tähtää että kun se koostuu se ohjausryhmä yrityksien edustajista että me saisimme entistä suorempaa entistä parempaa palautetta yrityksiltä mihin halutaan näitä vientiponnisteluja kohdistaa minkätyyppisiä kauppapoliittisia esteitä eri puolilla maailmaa on olemassa joihin pyrkisimme vaikuttamaan,tähän tämä team finland juuri tähtää että kun se koostuu se ohjausryhmä yrityksen edustajista että me saisimme entistä suorempaa entistä parempaa palautetta yrityksiltä mihin halutaan näitä vientiponnisteluja kohdistaa minkä tyyppisiä kauppapoliittisia esteitä eri puolilla maailmaa on olemassa joihin pyrkisimme vaikuttamaan,"Tähän tämä Team Finland juuri tähtää, että kun se koostuu se ohjausryhmä yrityksen edustajista, että me saisimme entistä suorempaa, entistä parempaa palautetta yrityksiltä, mihin halutaan näitä vientiponnisteluja kohdistaa, minkä tyyppisiä kauppapoliittisia esteitä eri puolilla maailmaa on olemassa, joihin pyrkisimme vaikuttamaan.",0.076923,0.006154,10.68,0.5955,17.936,
azure_whisper_fi,azure_whisper,fi,2016-dev-seen,jan_vapaavuori_05829,pekka ala pietilä tulee luovuttamaan raporttinsa tammikuussa ja sen jälkeen viedään heti puolivälin tarkasteluun ja sen ensimmäiseen kehysriiheen siitä tietenkin ne osat jotka arvioidaan voitavan toteuttaa niin mahdollisimman,pekka ala pietilä tulee luovuttamaan raporttinsa tammikuussa ja sen jälkeen viedään heti puolivälin tarkasteluun ja sen ensimmäisen kehysriihen siitä tietenkin ne osat jotka arvioidaan voitavan toteuttaa niin mahdollisimman nopeasti,"Pekka Ala-Pietilä tulee luovuttamaan raporttinsa tammikuussa ja sen jälkeen viedään heti puolivälin tarkasteluun ja sen ensimmäisen kehysriihen siitä tietenkin ne osat, jotka arvioidaan voitavan toteuttaa niin mahdollisimman nopeasti.",0.107143,0.048889,49.349,4.266,11.568,
azure_whisper_auto,azure_whisper,auto,2016-dev-seen,jouni_backman_01959,tämä on ensimmäinen varsinainen budjetti koko vaalikaudelle mutta on tärkeää että heti alkuvaiheessa hallitus toteuttaa omaan hallitusohjelmaansa kirjattuja,tämä on ensimmäinen varsinainen budjeti koko vaalikaudelle mutta on tärkeää että heti alkuvaiheessa hallitus toteuttaa oman hallitusohjelmansa kirjattuja,"Tämä on ensimmäinen varsinainen budjeti koko vaalikaudelle, mutta on tärkeää, että heti alkuvaiheessa hallitus toteuttaa oman hallitusohjelmansa kirjattuja...",0.166667,0.019231,0.78,0.0704,11.088,
azure_whisper_auto,azure_whisper,auto,2016-dev-seen,carl_haglund_02628,mutta et se tärkeä mikä pitäisi parantaa on se että kun siinä kutsuntatilanteessa todetaan että se kaveri ei kykene suorittamaan sitä palvelusta niin siinä vaiheessa pitäisi joku muu taho katsoa että jos sen nuoren miehen tilanne ei ole hyvä että varmistetaan että joku ottaa siitä kopin niin että se ei putoa järjestelmästä väliin,tärkeää mikä pitäisi parantaa on se että kun siinä kutsuntatilanteessa todetaan että se kaveri ei kykene suorittamaan sitä palvelusta niin siinä vaiheessa pitäisi joku muu taho katsoa että jos sen nuoren miehen tilanne ei ole hyvä että varmistetaan että joku ottaa siitä kopin niin että se ei putoa järjestelmästä väliin,"Tärkeää, mikä pitäisi parantaa, on se, että kun siinä kutsuntatilanteessa todetaan, että se kaveri ei kykene suorittamaan sitä palvelusta, niin siinä vaiheessa pitäisi joku muu taho katsoa, että jos sen nuoren miehen tilanne ei ole hyvä, että varmistetaan, että joku ottaa siitä kopin niin, että se ei putoa järjestelmästä väliin.",0.075472,0.039275,9.659,0.491,19.672,
azure_whisper_auto,azure_whisper,auto,2016-dev-seen,anne_mari_virolainen_04351,valtiovarainvaliokunnassa pidimme tärkeänä myös päihdeäitien sekä heidän syrjäytymisvaarassa olevien lastensa asiaa,valtiovarainvaliokunnassa pidimme tärkeänä myös päideäitien sekä heidän syrjäytymisvaarassa olevien lastensa asiaa,Valtiovarainvaliokunnassa pidimme tärkeänä myös päideäitien sekä heidän syrjäytymisvaarassa olevien lastensa asiaa.,0.090909,0.008696,49.086,6.2866,7.808,
azure_whisper_auto,azure_whisper,auto,2016-dev-seen,jyri_hakamies_02700,meillä on esimerkiksi kaakkois suomessa tämmöinen liikuntaneuvoja mukana näissä tilaisuuksissa ja pyritään niitä jotka itse arvioivat että heidän kuntonsa edellyttäisi kohentamista niin ennen palvelukseen astumista eli vuoden kahden aikana siihen kuntopuoleen,meillä on esimerkiksi kaakkois suomessa tällainen liikuntaneuvoja mukana näissä tilaisuuksissa pyritään niitä jotka itse arvioivat että heidän kuntoonsa edellyttäisi kohentamista niin ennen palveluksen astumista eli vuoden kahden aikana siihen kuntoon puoleen,"Meillä on esimerkiksi Kaakkois-Suomessa tällainen liikuntaneuvoja mukana näissä tilaisuuksissa. Pyritään niitä, jotka itse arvioivat, että heidän kuntoonsa edellyttäisi kohentamista, niin ennen palveluksen astumista, eli vuoden kahden aikana siihen kuntoon puoleen.",0.193548,0.042471,1.037,0.0765,13.563,
azure_whisper_auto,azure_whisper,auto,2016-dev-seen,hanna_tainio_01920,lastensuojelun puolellahan on ollut myös vakavia ongelmia mutta niihinkin puututaan nyt vahvistamalla lapsen oikeuksia ja parantamalla työntekijöiden mahdollisuuksia perehtyä lapsen tilanteeseen ja,lastensuojelun puolellahan on ollut myös vakavia ongelmia mutta niihinkin puututaan nyt vahvistamalla lapsen oikeuksia ja parantamalla työntekijöiden mahdollisuuksia perehtyä lapsen tilanteeseen,"Lastensuojelun puolellahan on ollut myös vakavia ongelmia, mutta niihinkin puututaan nyt vahvistamalla lapsen oikeuksia ja parantamalla työntekijöiden mahdollisuuksia perehtyä lapsen tilanteeseen.",0.045455,0.015228,9.45,0.9066,10.424,
azure_whisper_auto,azure_whisper,auto,2016-dev-seen,eero_suutari_02968,arvoisa puhemies,arvoisa puheenmies,Arvoisa puheenmies.,0.5,0.125,49.593,54.86,0.904,
azure_whisper_auto,azure_whisper,auto,2016-dev-seen,eero_suutari_02922,samalla eduskunta hyväksyy seuraavan hyväksyi seuraavan lausuman,samalla eduskunta hyväksyi seuraavan lausun,Samalla eduskunta hyväksyi seuraavan lausun.,0.428571,0.328125,0.452,0.1279,3.536,
azure_whisper_auto,azure_whisper,auto,2016-dev-seen,carl_haglund_02703,valitettavasti valtiontalouden tilasta johtuen eivät puolustusvoimauudistuksen hedelmät ole kuitenkaan jäämässä puolustusvoimien käyttöön,valitettavasti valtiotalouden tilasta johtuen eivät puolustusvoimauudistuksen hedelmät ole kuitenkaan jäämässä puolustusvoimien käyllä,Valitettavasti valtiotalouden tilasta johtuen eivät puolustusvoimauudistuksen hedelmät ole kuitenkaan jäämässä puolustusvoimien käyllä.,0.166667,0.043796,10.165,0.9633,10.552,
azure_whisper_auto,azure_whisper,auto,2016-dev-seen,jyri_hakamies_02689,kysymys on siis paitsi siitä että se on olennainen osa että sen korvaaminen tulisi kovin kovin tuota kalliiksi eli eli tässä suhteessa puolustushallinto on lähtenyt lähtenyt tuomalla esille näitä faktoja mutta hallitus lähikuukausina asiaa käsittelee,kysymys on siis paitsi siitä että se on olennainen osa että sen korvaaminen tulisi kovin tuolta kalliiksi eli tässä suhteessa puolustushallinto on lähtenyt tuomalla esille näitä faktoja mutta hallitus lähikuukausina asiaa käsittelee,"Kysymys on siis paitsi siitä, että se on olennainen osa, että sen korvaaminen tulisi kovin tuolta kalliiksi. Eli tässä suhteessa puolustushallinto on lähtenyt tuomalla esille näitä faktoja, mutta hallitus lähikuukausina asiaa käsittelee.",0.114286,0.08,50.302,3.6967,13.607,
azure_whisper_auto,azure_whisper,auto,2016-dev-seen,carl_haglund_02604,mitä tulee tähän maanpuolustustahtoon näille alueille joista lakkaa varuskunnat niin puolustusvoimissa on tällä hetkellä suunnitteilla nämä niin sanotut paikallisjoukot joka on siis uusi joukkotyyppi joka on edustaja joka on komentaja puheloisen,maanpuolustusvoimissa on tällä hetkellä suunnitteleva ns paikallisjoukot joka on uusi joukkotyyppi joka on komentaja puheloisen,"Maanpuolustusvoimissa on tällä hetkellä suunnitteleva ns. paikallisjoukot, joka on uusi joukkotyyppi, joka on komentaja puheloisen.",0.612903,0.493878,0.755,0.0578,13.055,
azure_whisper_auto,azure_whisper,auto,2016-dev-seen,jyri_hakamies_02376,energiapaletti se perustuu yhtäältä ydinvoiman lisäämiseen ja toisaalta vahvoihin panostuksiin uusiutuvan energian osalta mutta mielestäni kunnianhimon tasoa on syytä nostaa ja sitä hallitus tulee tämän syksyn aikana käsittelemään ja energiailmastostrategia uudistetaan ajastetaan tämän syksyn aikana ja eduskunta saa sen sitten käsiteltäväkseen,energiapaletti perustuu yhtäältä ydinvoiman lisäämiseen ja toisaalta vahvoihin panostuksiin uusiutuva energia osalta mutta mielestäni kunnianhimo tasoa on syytä nostaa ja sitä hallitus tulee tämän syksyn aikana käsittelemään energia ilmastostrategia ajastetaan tämän syksyn aikana ja eduskunta saa sen sitten käsiteltäväkseen,"Energiapaletti perustuu yhtäältä ydinvoiman lisäämiseen ja toisaalta vahvoihin panostuksiin uusiutuva energia osalta. Mutta mielestäni kunnianhimo tasoa on syytä nostaa, ja sitä hallitus tulee tämän syksyn aikana käsittelemään. Energia-ilmastostrategia ajastetaan tämän syksyn aikana, ja eduskunta saa sen sitten käsiteltäväkseen.",0.170732,0.063768,9.65,0.5064,19.056,
azure_whisper_auto,azure_whisper,auto,2016-dev-seen,jyri_hakamies_02695,sen yhtiön enemmistö on on on eduskuntavaltuuden takana ja yrityksellä on hyvin keskeinen ja tärkeä rooli energiayhtiönä että siinä mielessä,ene yhtiön enemmistön on eduskuntavaltuuden takana ja yrityksellä on hyvin keskeinen ja tärkeä rooli energiayhtiönä että siinä mielessä,"Ene-yhtiön enemmistön on eduskuntavaltuuden takana ja yrityksellä on hyvin keskeinen ja tärkeä rooli energiayhtiönä, että siinä mielessä...",0.2,0.05,49.214,5.6594,8.696,
azure_whisper_auto,azure_whisper,auto,2016-dev-seen,jari_koskinen_02952,on kerrottu että se on edelleenkin meille tärkeä jatkossa ja edelleenkin sen pitää olla samalla tavalla tuotantoon sidottua tukea ja myös mukana oltava investointituet koska se kokonaisuus on meidän mielestämme järkevin ja toiminut tähänkin asti,on kerrottu että se on edelleenkin meille tärkeä jatkossa ja edelleenkin se pitää olla samalla tavalla tuotantoasennettua tukea ja myös mukana investointituet koska se kokonaisuus on meidän mielestämme järkevin ja toimiin ollut tähänkin asti,"On kerrottu, että se on edelleenkin meille tärkeä jatkossa, ja edelleenkin se pitää olla samalla tavalla tuotantoasennettua tukea ja myös mukana investointituet, koska se kokonaisuus on meidän mielestämme järkevin ja toimiin ollut tähänkin asti.",0.171429,0.081633,0.973,0.0827,11.763,
azure_whisper_auto,azure_whisper,auto,2016-dev-seen,carl_haglund_02557,taustalla on etenkin se että on haluttu päivittää tätä nykyistä puitelakia jossa suuri yhteiskunnallinen muutos on se tosiasia että liian harva suomalainen liikkuu ja on liian monia suomalaisia jotka sitten eivät liiku,taustalla on etenkin se että on haluttu päivittää tämä nykyistä puiteoakia jossa suuri yhteiskunnallinen muutos on se tosiasia että liian harva suomalainen liikkuu ja on liian monia suomalaisia jotka sitten eivät liiku,"Taustalla on etenkin se, että on haluttu päivittää tämä nykyistä puiteoakia, jossa suuri yhteiskunnallinen muutos on se tosiasia, että liian harva suomalainen liikkuu ja on liian monia suomalaisia, jotka sitten eivät liiku.",0.0625,0.009174,9.377,0.5822,16.107,
azure_whisper_auto,azure_whisper,auto,2016-dev-seen,jouni_backman_01836,se millä tavalla se muistuttaa taas sitä keskustan ajattelutapaa on tämä miljardiluokan rahasto jolla valtio olisi panostamassa yritystoimintaan,se millä tavalla se muistuttaa taas sitä keskustan ajattelutapaa on tämä miljardiluokan rahasto jolla valtio olisi panostamassa yritystoimintaa,"Se, millä tavalla se muistuttaa, taas sitä keskustan ajattelutapaa, on tämä miljardiluokan rahasto, jolla valtio olisi panostamassa yritystoimintaa.",0.055556,0.006944,49.263,4.2127,11.694,
azure_whisper_auto,azure_whisper,auto,2016-dev-seen,jan_vapaavuori_05850,se johtuu eun pankkikriisin seurauksena syntyneestä pankkisääntelystä joka kiristää vakavaraisuusvaatimuksia,se johtuu eu pankkikriisin seurauksena syntyneestä pankkisääntelystä joka kiristää vakavaraisuusvaatimuksia,"Se johtuu EU-pankkikriisin seurauksena syntyneestä pankkisääntelystä, joka kiristää vakavaraisuusvaatimuksia.",0.1,0.009259,0.677,0.1028,6.584,
azure_whisper_auto,azure_whisper,auto,2016-dev-seen,anne_mari_virolainen_04370,liikennepoliittisen selonteon käsittelyn yhteydessä eduskunta hyväksyy kannanoton jonka mukaan mahdollisuudet tie ja liikennerahastojen käyttämiseen on selvitettävä tällä hallituskaudella,liikennepoliittisen selonteon käsittelyn yhteydessä eduskunta hyväksyy kannanoton jonka mukaan mahdollisuudet tie ja liikennerahastojen käyttämiseen on selvitettävä tällä hallituskaudella,"Liikennepoliittisen selonteon käsittelyn yhteydessä eduskunta hyväksyy kannanoton, jonka mukaan mahdollisuudet tie- ja liikennerahastojen käyttämiseen on selvitettävä tällä hallituskaudella.",0.0,0.0,10.133,0.9932,10.203,
azure_whisper_auto,azure_whisper,auto,2016-dev-seen,anne_mari_virolainen_04368,koska jo vuosien ajan korjausvelkaa on kerätty runsaasti on aivan ilmeistä että perusväylänpidon rahoitus on tällä hetkellä pahasti jäljessä tavoitetasosta,koska jo vuosien ajan korjausvelkaa on kerätty runsaasti on aivan ilmeistä että perusväylänpidon rahoitus on tällä hetkellä pahasti jäljessä tavoitetasosta,"Koska jo vuosien ajan korjausvelkaa on kerätty runsaasti, on aivan ilmeistä, että perusväylänpidon rahoitus on tällä hetkellä pahasti jäljessä tavoitetasosta.",0.0,0.0,49.202,6.0364,8.151,
azure_whisper_auto,azure_whisper,auto,2016-dev-seen,carl_haglund_02577,lakiin on myös lisätty hajanaisen käsitekentän yhtenäistämiseksi määritelmät liikunnasta huippu urheilusta ja terveyttä ja hyvinvointia edistävästä liikunnasta lain sovinto,lakiin on myös lisätty hajanaisen käsitekentän yhtenäistämiseksi määritelmät liikunnasta huippu urheilusta ja terveyden ja hyvinvoinnista edistävästä liikunnasta lain sovintaa,"Lakiin on myös lisätty hajanaisen käsitekentän yhtenäistämiseksi määritelmät liikunnasta, huippu-urheilusta ja terveyden ja hyvinvoinnista edistävästä liikunnasta lain sovintaa.",0.157895,0.046512,0.857,0.0648,13.224,
azure_whisper_auto,azure_whisper,auto,2016-dev-seen,eero_suutari_02912,yliopistokeskuksia kehitetään erityisesti aikuisväestön koulutus ja osaamistason nostamisen alueellisina koordinaatio ja resurssikeskuksina sekä alueen tarpeita tukevaan tutkimustoimintaan tukevaan tutkimustoimintaan jossa tehtävässä ne toimivat tiiviissä yhteistyössä alueiden ja niiden,yliopistokeskuksia kehitetään erityisesti aikkuisväestön koulutus ja osaamistason nostamisen alueellisina koordinaatio ja resurssikeskuksina sekä alueen tarpeita tukevaan tutkimustoimintaan jossa tehtävässä ne toimivat tiivissä yhteistyössä alueiden ja niiden yhteistyössä,"Yliopistokeskuksia kehitetään erityisesti aikkuisväestön koulutus- ja osaamistason nostamisen alueellisina koordinaatio- ja resurssikeskuksina sekä alueen tarpeita tukevaan tutkimustoimintaan, jossa tehtävässä ne toimivat tiivissä yhteistyössä alueiden ja niiden yhteistyössä.",0.178571,0.149826,10.546,0.6067,17.384,
azure_whisper_auto,azure_whisper,auto,2016-dev-seen,eero_suutari_02947,vesihuoltohankkeet ovat haja asutusalueilla monessa mielessä tarpeellisia ja perusteltuja,vesihuolto hankkeet ovat haja asuntoalueilla monessa mielessä tarpeellisia ja perusteltuja,Vesihuolto-hankkeet ovat haja-asuntoalueilla monessa mielessä tarpeellisia ja perusteltuja.,0.333333,0.044944,47.925,6.3528,7.544,
azure_whisper_auto,azure_whisper,auto,2016-dev-seen,jari_koskinen_02773,ne pitää suunata uudestaan mutta olen kovin huolissani että jos metsänomistajan ainoa motiivi tehdä metsässä uudistustöitä tai nuoren metsän hoitotöitä on se että siihen saa valtiolta vähän rahaa,pitää suunnata uudestaan mutta olen kovin huolissani että jos metsänomistajan ainoa motiivi tehdä metsässä uudistustöitä tai nuoren metsän hoitotöitä on se että siihen saa valtilta vähän rahaa,"Pitää suunnata uudestaan, mutta olen kovin huolissani, että jos metsänomistajan ainoa motiivi tehdä metsässä uudistustöitä tai nuoren metsän hoitotöitä on se, että siihen saa valtilta vähän rahaa.",0.107143,0.025641,0.826,0.0674,12.257,
azure_whisper_auto,azure_whisper,auto,2016-dev-seen,jouni_backman_01871,allekirjoittanut kaupunginvaltuuston puheenjohtajana ei ole voinut vaikuttaa niihin päätöksiin missä on yksityistetty sosterin puoleen ja nyt niitä palautetaan takaisin kunnan omaan työhön,allekirjoittanut kaupunginvaltuuston puheenjohtaja ei ole voinut vaikuttaa niihin päätöksiin missä on yksityistetty sosterin puoleen ja nyt niitä palautetaan takaisin kunnan omaan työhön,"Allekirjoittanut kaupunginvaltuuston puheenjohtaja ei ole voinut vaikuttaa niihin päätöksiin, missä on yksityistetty Sosterin puoleen ja nyt niitä palautetaan takaisin kunnan omaan työhön.",0.045455,0.010638,11.298,1.3866,8.148,
azure_whisper_auto,azure_whisper,auto,2016-dev-seen,anne_mari_virolainen_04355,sitä odotellessa toivomme tästä salista kaikilta kaikilta kannatusta istanbulin sopimuksen eteenpäinviemiseen edustaja tossavainen poissa,sitä odotellessa toivomme tästä sallista kaikilta kannatusta istanbulin sopimuksen eteenpäin viemiseen,Sitä odotellessa toivomme tästä sallista kaikilta kannatusta Istanbulin sopimuksen eteenpäin viemiseen.,0.428571,0.284672,47.968,3.9474,12.152,
azure_whisper_auto,azure_whisper,auto,2016-dev-seen,jari_koskinen_03001,ja kyl se meidän toivomus on kaikkien se että markkinat toimisi paremmin ja kysyntää olisi sillä tavalla että syntyisi myös semmoista energiantuotantoa ettei aina kysyttäisi sitä paljonko pitää maksaa tukea elikkä että löytyisi sitten ihan kannattavaa toimintaa,tietysti meidän toivomus on kaikkiaan se että markkinat toimisivat paremmin ja kysyntä olisi sillä tavalla että ei syntyisi myös sellaista energiantuotantoa että aina kun kysyttäisiin sitä että paljonko pitää maksaa tukea eli että löytyisi sitten ihan kannattavaa toimintaa,"Tietysti meidän toivomus on kaikkiaan se, että markkinat toimisivat paremmin ja kysyntä olisi sillä tavalla, että ei syntyisi myös sellaista energiantuotantoa, että aina kun kysyttäisiin sitä, että paljonko pitää maksaa tukea, eli että löytyisi sitten ihan kannattavaa toimintaa.",0.351351,0.137931,0.99,0.0775,12.779,
azure_whisper_auto,azure_whisper,auto,2016-dev-seen,eero_suutari_02863,sulussa kulutustason nosto asiantuntemusta ja tutkimustoimintaa yritysten ja julkisen sektorin käyttöön sulku kiinni että emo yhtiö emo yliopistolle muun muassa,sulussa koulutustason nosto asiantuntemusta ja tutkimustoimintaa yritysten ja julkisen sektorin käyttöön sulku kiinni,"sulussa koulutustason nosto, asiantuntemusta ja tutkimustoimintaa yritysten ja julkisen sektorin käyttöön sulku kiinni.",0.4,0.28125,10.996,1.0412,10.56,
azure_whisper_auto,azure_whisper,auto,2016-dev-seen,jyri_hakamies_02477,eli eli ihan perustuslain mukaan että valtioneuvosto valmistelee mutta eduskuntaseuranta eduskuntavalmistelu olisi siinä tiiviisti mukana kriisihallinnan,eli ihan perustuslain mukaan että valtioneuvosto valmistelee mutta eduskunta seuranta eduskunta valmistelu olisi siinä tiiviisti mukana,"Eli ihan perustuslain mukaan, että valtioneuvosto valmistelee, mutta eduskunta, seuranta, eduskunta, valmistelu olisi siinä tiiviisti mukana.",0.375,0.143791,48.025,4.4534,10.784,
azure_whisper_auto,azure_whisper,auto,2016-dev-seen,jouni_backman_01973,se on ongelma niin yksittäisten kansalaisten koko yhteiskunnan tasolla ja siihen pitää määrätietoisesti puuttua,se on ongelma yksittäisten kansalaisten koko yhteiskunnan tasolla ja siihen pitää määrätietoista puutua,"Se on ongelma yksittäisten kansalaisten, koko yhteiskunnan tasolla, ja siihen pitää määrätietoista puutua.",0.214286,0.081081,0.604,0.0636,9.504,
azure_whisper_auto,azure_whisper,auto,2016-dev-seen,jyri_hakamies_02433,tähän tämä team finland juuri tähtää että kun se koostuu se ohjausryhmä yrityksien edustajista että me saisimme entistä suorempaa entistä parempaa palautetta yrityksiltä mihin halutaan näitä vientiponnisteluja kohdistaa minkätyyppisiä kauppapoliittisia esteitä eri puolilla maailmaa on olemassa joihin pyrkisimme vaikuttamaan,tähän tämä team finland juuri tähtää että kun se koostuu se ohjausryhmä yrityksen edustajista että me saisimme entistä suorempaa entistä parempaa palautetta yrityksiltä mihin halutaan näitä vientiponnisteluja kohdistaa minkä tyyppisiä kauppapoliittisia esteitä eri puolilla maailmaa on olemassa joihin pyrkisimme vaikuttamaan,"Tähän tämä Team Finland juuri tähtää, että kun se koostuu se ohjausryhmä yrityksen edustajista, että me saisimme entistä suorempaa, entistä parempaa palautetta yrityksiltä, mihin halutaan näitä vientiponnisteluja kohdistaa, minkä tyyppisiä kauppapoliittisia esteitä eri puolilla maailmaa on olemassa, joihin pyrkisimme vaikuttamaan.",0.076923,0.006154,11.727,0.6538,17.936,
azure_whisper_auto,azure_whisper,auto,2016-dev-seen,jan_vapaavuori_05829,pekka ala pietilä tulee luovuttamaan raporttinsa tammikuussa ja sen jälkeen viedään heti puolivälin tarkasteluun ja sen ensimmäiseen kehysriiheen siitä tietenkin ne osat jotka arvioidaan voitavan toteuttaa niin mahdollisimman,pekka ala pietilä tulee luovuttamaan raporttinsa tammikuussa ja sen jälkeen viedään heti puolivälin tarkasteluun ja sen ensimmäisen kehysriihen siitä tietenkin ne osat jotka arvioidaan voitavan toteuttaa niin mahdollisimman nopeasti,"Pekka Ala-Pietilä tulee luovuttamaan raporttinsa tammikuussa ja sen jälkeen viedään heti puolivälin tarkasteluun ja sen ensimmäisen kehysriihen siitä tietenkin ne osat, jotka arvioidaan voitavan toteuttaa niin mahdollisimman nopeasti.",0.107143,0.048889,48.288,4.1743,11.568,
azure_gpt4o_transcribe_fi,azure_gpt4o,fi,2016-dev-seen,jouni_backman_01959,tämä on ensimmäinen varsinainen budjetti koko vaalikaudelle mutta on tärkeää että heti alkuvaiheessa hallitus toteuttaa omaan hallitusohjelmaansa kirjattuja,tämä on ensimmäinen varsinainen budjetti koko vaalikaudelle mutta on tärkeää että heti alkuvaiheessa hallitus toteuttaa omaan hallitusohjelmassa kirjattuja,"Tämä on ensimmäinen varsinainen budjetti koko vaalikaudelle, mutta on tärkeää, että heti alkuvaiheessa hallitus toteuttaa omaan hallitusohjelmassa kirjattuja.",0.055556,0.012821,0.958,0.0864,11.088,
azure_gpt4o_transcribe_fi,azure_gpt4o,fi,2016-dev-seen,carl_haglund_02628,mutta et se tärkeä mikä pitäisi parantaa on se että kun siinä kutsuntatilanteessa todetaan että se kaveri ei kykene suorittamaan sitä palvelusta niin siinä vaiheessa pitäisi joku muu taho katsoa että jos sen nuoren miehen tilanne ei ole hyvä että varmistetaan että joku ottaa siitä kopin niin että se ei putoa järjestelmästä väliin,mutta se tärkeä mikä pitäisi parantaa on se että kun siinä kutsuntatilanteessa todetaan että se kaveri ei kykene suorittamaan sitä palvelusta niin siinä vaiheessa pitäisi joku muu taho katsoa että jos sen nuoren miehen tilanne ei ole hyvä että varmistetaan että joku ottaa siitä kopin niin että se ei putoa järjestelmästä väliin,"Mutta se tärkeä, mikä pitäisi parantaa, on se, että kun siinä kutsuntatilanteessa todetaan, että se kaveri ei kykene suorittamaan sitä palvelusta, niin siinä vaiheessa pitäisi joku muu taho katsoa, että jos sen nuoren miehen tilanne ei ole hyvä, että varmistetaan, että joku ottaa siitä kopin niin, että se ei putoa järjestelmästä väliin.",0.018868,0.009063,1.384,0.0704,19.672,
azure_gpt4o_transcribe_fi,azure_gpt4o,fi,2016-dev-seen,anne_mari_virolainen_04351,valtiovarainvaliokunnassa pidimme tärkeänä myös päihdeäitien sekä heidän syrjäytymisvaarassa olevien lastensa asiaa,valtiovarainvaliokunnassa pidimme tärkeänä myös päideäitien sekä heidän syrjäytymisvaarassa olevien lastensa asiaa,Valtiovarainvaliokunnassa pidimme tärkeänä myös päideäitien sekä heidän syrjäytymisvaarassa olevien lastensa asiaa.,0.090909,0.008696,1.07,0.137,7.808,
azure_gpt4o_transcribe_fi,azure_gpt4o,fi,2016-dev-seen,jyri_hakamies_02700,meillä on esimerkiksi kaakkois suomessa tämmöinen liikuntaneuvoja mukana näissä tilaisuuksissa ja pyritään niitä jotka itse arvioivat että heidän kuntonsa edellyttäisi kohentamista niin ennen palvelukseen astumista eli vuoden kahden aikana siihen kuntopuoleen,meillä on esimerkiksi kaakkois suomessa liikuntaneuvojia mukana näissä tilaisuuksissa,Meillä on esimerkiksi Kaakkois-Suomessa liikuntaneuvojia mukana näissä tilaisuuksissa.,0.741935,0.679537,0.946,0.0697,13.563,
azure_gpt4o_transcribe_fi,azure_gpt4o,fi,2016-dev-seen,hanna_tainio_01920,lastensuojelun puolellahan on ollut myös vakavia ongelmia mutta niihinkin puututaan nyt vahvistamalla lapsen oikeuksia ja parantamalla työntekijöiden mahdollisuuksia perehtyä lapsen tilanteeseen ja,lastensuojelun puolellahan on ollut myös vakavia ongelmia mutta niihinkin puututaan nyt vahvistamalla lapsen oikeuksia ja parantamalla työntekijöiden mahdollisuuksia perehtyä lapsen tilanteeseen,"Lastensuojelun puolellahan on ollut myös vakavia ongelmia, mutta niihinkin puututaan nyt vahvistamalla lapsen oikeuksia ja parantamalla työntekijöiden mahdollisuuksia perehtyä lapsen tilanteeseen.",0.045455,0.015228,1.467,0.1408,10.424,
azure_gpt4o_transcribe_fi,azure_gpt4o,fi,2016-dev-seen,eero_suutari_02968,arvoisa puhemies,arvoisa puhemies,"Arvoisa puhemies,",0.0,0.0,1.087,1.2023,0.904,
azure_gpt4o_transcribe_fi,azure_gpt4o,fi,2016-dev-seen,eero_suutari_02922,samalla eduskunta hyväksyy seuraavan hyväksyi seuraavan lausuman,samalla eduskunta hyväksyi seuraavan lausunnon,Samalla eduskunta hyväksyi seuraavan lausunnon:,0.428571,0.34375,0.578,0.1634,3.536,
azure_gpt4o_transcribe_fi,azure_gpt4o,fi,2016-dev-seen,carl_haglund_02703,valitettavasti valtiontalouden tilasta johtuen eivät puolustusvoimauudistuksen hedelmät ole kuitenkaan jäämässä puolustusvoimien käyttöön,valitettavasti valtiontalouden tilasta johtuen eivät puolustusvoimauudistuksen hedelmät ole kuitenkaan jäämässä puolustusvoimien käyttöön,Valitettavasti valtiontalouden tilasta johtuen eivät puolustusvoimauudistuksen hedelmät ole kuitenkaan jäämässä puolustusvoimien käyttöön.,0.0,0.0,0.863,0.0818,10.552,
azure_gpt4o_transcribe_fi,azure_gpt4o,fi,2016-dev-seen,jyri_hakamies_02689,kysymys on siis paitsi siitä että se on olennainen osa että sen korvaaminen tulisi kovin kovin tuota kalliiksi eli eli tässä suhteessa puolustushallinto on lähtenyt lähtenyt tuomalla esille näitä faktoja mutta hallitus lähikuukausina asiaa käsittelee,kysymys on siis paitsi siitä että se on olennainen osa että sen korvaaminen tulisi kovin kalliiksi eli tässä suhteessa puolustushallinto on lähtenyt tuomalla esille näitä faktoja mutta hallitus lähikuukausina asiaa käsittelee,"Kysymys on siis paitsi siitä, että se on olennainen osa, että sen korvaaminen tulisi kovin kalliiksi, eli tässä suhteessa puolustushallinto on lähtenyt tuomalla esille näitä faktoja, mutta hallitus lähikuukausina asiaa käsittelee.",0.114286,0.1,1.082,0.0795,13.607,
azure_gpt4o_transcribe_fi,azure_gpt4o,fi,2016-dev-seen,carl_haglund_02604,mitä tulee tähän maanpuolustustahtoon näille alueille joista lakkaa varuskunnat niin puolustusvoimissa on tällä hetkellä suunnitteilla nämä niin sanotut paikallisjoukot joka on siis uusi joukkotyyppi joka on edustaja joka on komentaja puheloisen,mitä tulee tähän maanpuolustustahtoon näille alueille joista lakkaa varuskunnat niin puolustusvoimissa on tällä hetkellä suunnitteilla nämä niin sanotut paikallisjoukot joka on siis uusi joukkotyyppi joka on komentaja puheloisen,"Mitä tulee tähän maanpuolustustahtoon näille alueille, joista lakkaa varuskunnat, niin puolustusvoimissa on tällä hetkellä suunnitteilla nämä niin sanotut paikallisjoukot, joka on siis uusi joukkotyyppi, joka on komentaja Puheloisen",0.096774,0.069388,1.064,0.0815,13.055,
azure_gpt4o_transcribe_fi,azure_gpt4o,fi,2016-dev-seen,jyri_hakamies_02376,energiapaletti se perustuu yhtäältä ydinvoiman lisäämiseen ja toisaalta vahvoihin panostuksiin uusiutuvan energian osalta mutta mielestäni kunnianhimon tasoa on syytä nostaa ja sitä hallitus tulee tämän syksyn aikana käsittelemään ja energiailmastostrategia uudistetaan ajastetaan tämän syksyn aikana ja eduskunta saa sen sitten käsiteltäväkseen,energiapaletti se perustuu yhtaalta ydinvoiman lisäämiseen ja toisaalta vahvoihin panostuksiin uusiutuvan energian osalta mutta mielestäni kunnianhimotaso on syytä nostaa ja sitä hallitus tulee tämän syksyn aikana käsittelemään ja energia ja ilmastostrategia uudistetaan ajastetaan tämän syksyn aikana ja eduskunta saa sen sitten käsiteltäväkseen,"Energiapaletti se perustuu yhtaalta ydinvoiman lisäämiseen ja toisaalta vahvoihin panostuksiin uusiutuvan energian osalta. Mutta mielestäni kunnianhimotaso on syytä nostaa ja sitä hallitus tulee tämän syksyn aikana käsittelemään ja energia- ja ilmastostrategia uudistetaan, ajastetaan tämän syksyn aikana ja eduskunta saa sen sitten käsiteltäväkseen.",0.146341,0.028986,1.338,0.0702,19.056,
azure_gpt4o_transcribe_fi,azure_gpt4o,fi,2016-dev-seen,jyri_hakamies_02695,sen yhtiön enemmistö on on on eduskuntavaltuuden takana ja yrityksellä on hyvin keskeinen ja tärkeä rooli energiayhtiönä että siinä mielessä,yrityksellä on hyvin keskeinen ja tärkeä rooli energiayhtiönä,Yrityksellä on hyvin keskeinen ja tärkeä rooli energiayhtiönä.,0.6,0.564286,0.698,0.0802,8.696,
azure_gpt4o_transcribe_fi,azure_gpt4o,fi,2016-dev-seen,jari_koskinen_02952,on kerrottu että se on edelleenkin meille tärkeä jatkossa ja edelleenkin sen pitää olla samalla tavalla tuotantoon sidottua tukea ja myös mukana oltava investointituet koska se kokonaisuus on meidän mielestämme järkevin ja toiminut tähänkin asti,on kerrottu että se on edelleenkin meille tärkeä jatkossa ja edelleenkin se pitää olla samalla tavalla tuotantoon sidottua tukea ja myös mukana investointituet koska se kokonaisuus on meidän mielestä tämä järkevin ja toiminut tähänkin asti,"On kerrottu, että se on edelleenkin meille tärkeä jatkossa ja edelleenkin se pitää olla samalla tavalla tuotantoon sidottua tukea ja myös mukana investointituet, koska se kokonaisuus on meidän mielestä tämä järkevin ja toiminut tähänkin asti.",0.114286,0.04898,1.204,0.1023,11.763,
azure_gpt4o_transcribe_fi,azure_gpt4o,fi,2016-dev-seen,carl_haglund_02557,taustalla on etenkin se että on haluttu päivittää tätä nykyistä puitelakia jossa suuri yhteiskunnallinen muutos on se tosiasia että liian harva suomalainen liikkuu ja on liian monia suomalaisia jotka sitten eivät liiku,taustalla on etenkin se että on haluttu päivittää nykyistä puitelakia jossa suuri yhteiskunnallinen muutos on se tosiasia että liian harva suomalainen liikkuu ja on liian monia suomalaisia jotka sitten eivät liiku,"Taustalla on etenkin se, että on haluttu päivittää nykyistä puitelakia, jossa suuri yhteiskunnallinen muutos on se tosiasia, että liian harva suomalainen liikkuu ja on liian monia suomalaisia, jotka sitten eivät liiku.",0.03125,0.022936,1.063,0.066,16.107,
azure_gpt4o_transcribe_fi,azure_gpt4o,fi,2016-dev-seen,jouni_backman_01836,se millä tavalla se muistuttaa taas sitä keskustan ajattelutapaa on tämä miljardiluokan rahasto jolla valtio olisi panostamassa yritystoimintaan,se millä tavalla se muistuttaa taas sitä keskustan ajattelutapaa on tämä miljardiluokan rahasto jolla valtio olisi panostamassa yritystoimintaan,"Se millä tavalla se muistuttaa taas sitä keskustan ajattelutapaa on tämä miljardiluokan rahasto, jolla valtio olisi panostamassa yritystoimintaan.",0.0,0.0,0.907,0.0776,11.694,
azure_gpt4o_transcribe_fi,azure_gpt4o,fi,2016-dev-seen,jan_vapaavuori_05850,se johtuu eun pankkikriisin seurauksena syntyneestä pankkisääntelystä joka kiristää vakavaraisuusvaatimuksia,se johtuu eu n pankkikriisin seurauksena syntyneestä pankkisääntelystä joka kiristää vakavaraisuusvaatimuksia,"Se johtuu EU:n pankkikriisin seurauksena syntyneestä pankkisääntelystä, joka kiristää vakavaraisuusvaatimuksia.",0.2,0.009259,0.821,0.1247,6.584,
azure_gpt4o_transcribe_fi,azure_gpt4o,fi,2016-dev-seen,anne_mari_virolainen_04370,liikennepoliittisen selonteon käsittelyn yhteydessä eduskunta hyväksyy kannanoton jonka mukaan mahdollisuudet tie ja liikennerahastojen käyttämiseen on selvitettävä tällä hallituskaudella,liikennepoliittisen selonteon käsittelyn yhteydessä eduskunta hyväksyi kannanoton jonka mukaan mahdollisuudet tie ja liikennerahastojen käyttämiseen on selvitettävä tällä hallituskaudella,"Liikennepoliittisen selonteon käsittelyn yhteydessä eduskunta hyväksyi kannanoton, jonka mukaan mahdollisuudet tie- ja liikennerahastojen käyttämiseen on selvitettävä tällä hallituskaudella.",0.055556,0.005348,0.996,0.0976,10.203,
azure_gpt4o_transcribe_fi,azure_gpt4o,fi,2016-dev-seen,anne_mari_virolainen_04368,koska jo vuosien ajan korjausvelkaa on kerätty runsaasti on aivan ilmeistä että perusväylänpidon rahoitus on tällä hetkellä pahasti jäljessä tavoitetasosta,koska jo vuosien ajan korjausvelkaa on kerätty runsaasti on aivan ilmeistä että perusväylänpidon rahoitus on tällä hetkellä pahasti jäljessä tavoitetasosta,"Koska jo vuosien ajan korjausvelkaa on kerätty runsaasti, on aivan ilmeistä, että perusväylänpidon rahoitus on tällä hetkellä pahasti jäljessä tavoitetasosta.",0.0,0.0,0.958,0.1175,8.151,
azure_gpt4o_transcribe_fi,azure_gpt4o,fi,2016-dev-seen,carl_haglund_02577,lakiin on myös lisätty hajanaisen käsitekentän yhtenäistämiseksi määritelmät liikunnasta huippu urheilusta ja terveyttä ja hyvinvointia edistävästä liikunnasta lain sovinto,lakiin on myös lisätty hajanaisen käsitekentän yhtenäistämiseksi määritelmät liikunnasta huippu urheilusta ja terveyttä ja hyvinvointia edistävästä liikunnasta lain soveltamisen,"Lakiin on myös lisätty hajanaisen käsitekentän yhtenäistämiseksi määritelmät liikunnasta, huippu-urheilusta ja terveyttä ja hyvinvointia edistävästä liikunnasta lain soveltamisen.",0.052632,0.046512,1.191,0.0901,13.224,
azure_gpt4o_transcribe_fi,azure_gpt4o,fi,2016-dev-seen,eero_suutari_02912,yliopistokeskuksia kehitetään erityisesti aikuisväestön koulutus ja osaamistason nostamisen alueellisina koordinaatio ja resurssikeskuksina sekä alueen tarpeita tukevaan tutkimustoimintaan tukevaan tutkimustoimintaan jossa tehtävässä ne toimivat tiiviissä yhteistyössä alueiden ja niiden,yliopistokeskuksia kehitetään erityisesti aikuiväestön koulutus ja osaamistasoa nostamisen alueellisina koordinaatio ja resurssikeskuksina sekä alueen tarpeita tukevan tutkimustoiminta jos on tehtävässään toimivat tiiviissä yhteistyössä alueiden,Yliopistokeskuksia kehitetään erityisesti aikuiväestön koulutus- ja osaamistasoa nostamisen alueellisina koordinaatio- ja resurssikeskuksina sekä alueen tarpeita tukevan tutkimustoiminta. Jos on tehtävässään toimivat tiiviissä yhteistyössä alueiden.,0.392857,0.163763,1.396,0.0803,17.384,
azure_gpt4o_transcribe_fi,azure_gpt4o,fi,2016-dev-seen,eero_suutari_02947,vesihuoltohankkeet ovat haja asutusalueilla monessa mielessä tarpeellisia ja perusteltuja,vesihuoltohankkeet ovat haja asutuilla alueilla monessa mielessä tarpeellisia ja perusteltuja,Vesihuoltohankkeet ovat haja-asutuilla alueilla monessa mielessä tarpeellisia ja perusteltuja.,0.222222,0.05618,0.775,0.1028,7.544,
azure_gpt4o_transcribe_fi,azure_gpt4o,fi,2016-dev-seen,jari_koskinen_02773,ne pitää suunata uudestaan mutta olen kovin huolissani että jos metsänomistajan ainoa motiivi tehdä metsässä uudistustöitä tai nuoren metsän hoitotöitä on se että siihen saa valtiolta vähän rahaa,pitää suunnata uudestaan mutta olen kovin huolissani jos metsänomistajan ainoa motiivi tehdä metsässä uudistustöitä tai nuoren metsän hoitotöitä on se että siihen saa valtiolta vähän rahaa,"Pitää suunnata uudestaan, mutta olen kovin huolissani, jos metsänomistajan ainoa motiivi tehdä metsässä uudistustöitä tai nuoren metsän hoitotöitä on se, että siihen saa valtiolta vähän rahaa.",0.107143,0.046154,1.026,0.0837,12.257,
azure_gpt4o_transcribe_fi,azure_gpt4o,fi,2016-dev-seen,jouni_backman_01871,allekirjoittanut kaupunginvaltuuston puheenjohtajana ei ole voinut vaikuttaa niihin päätöksiin missä on yksityistetty sosterin puoleen ja nyt niitä palautetaan takaisin kunnan omaan työhön,allekirjoittanut kaupunginvaltuuston puheenjohtaja ei ole voinut vaikuttaa niihin päätöksiin missä on yksityistetty sosterin puolelta ja nyt niitä palautetaan takaisin kunnan omaan työhön,"Allekirjoittanut kaupunginvaltuuston puheenjohtaja ei ole voinut vaikuttaa niihin päätöksiin, missä on yksityistetty sosterin puolelta ja nyt niitä palautetaan takaisin kunnan omaan työhön.",0.090909,0.026596,1.014,0.1244,8.148,
azure_gpt4o_transcribe_fi,azure_gpt4o,fi,2016-dev-seen,anne_mari_virolainen_04355,sitä odotellessa toivomme tästä salista kaikilta kaikilta kannatusta istanbulin sopimuksen eteenpäinviemiseen edustaja tossavainen poissa,sitä odotellessa toivomme tästä salista kaikilta kannatusta istanbulin sopimuksen eteenpäin viemiseen,Sitä odotellessa toivomme tästä salista kaikilta kannatusta Istanbulin sopimuksen eteenpäin viemiseen.,0.357143,0.277372,0.954,0.0785,12.152,
azure_gpt4o_transcribe_fi,azure_gpt4o,fi,2016-dev-seen,jari_koskinen_03001,ja kyl se meidän toivomus on kaikkien se että markkinat toimisi paremmin ja kysyntää olisi sillä tavalla että syntyisi myös semmoista energiantuotantoa ettei aina kysyttäisi sitä paljonko pitää maksaa tukea elikkä että löytyisi sitten ihan kannattavaa toimintaa,toivomus on kaikkien osalta että markkinat toimisivat paremmin ja kysyntä olisi sillä tavalla ettei syntyisi sellaista energiantuotantoa että aina kun kysyttäisiin sitä paljonko pitää maksaa tukea,"Toivomus on kaikkien osalta, että markkinat toimisivat paremmin ja kysyntä olisi sillä tavalla, ettei syntyisi sellaista energiantuotantoa, että aina kun kysyttäisiin sitä, paljonko pitää maksaa tukea.",0.540541,0.37931,1.028,0.0804,12.779,
azure_gpt4o_transcribe_fi,azure_gpt4o,fi,2016-dev-seen,eero_suutari_02863,sulussa kulutustason nosto asiantuntemusta ja tutkimustoimintaa yritysten ja julkisen sektorin käyttöön sulku kiinni että emo yhtiö emo yliopistolle muun muassa,koulutustason nosto asiantuntemusta ja tutkimustoimintaa yritysten ja julkisen sektorin käyttöön että emoyliopistolle mm,"koulutustason nosto, asiantuntemusta ja tutkimustoimintaa yritysten ja julkisen sektorin käyttöön, että emoyliopistolle mm.",0.5,0.2625,1.235,0.117,10.56,
azure_gpt4o_transcribe_fi,azure_gpt4o,fi,2016-dev-seen,jyri_hakamies_02477,eli eli ihan perustuslain mukaan että valtioneuvosto valmistelee mutta eduskuntaseuranta eduskuntavalmistelu olisi siinä tiiviisti mukana kriisihallinnan,eli ihan perustuslain mukaan että valtioneuvosto valmistelee mutta eduskunnan valmistelu olisi siinä tiiviisti mukana,"Eli ihan perustuslain mukaan, että valtioneuvosto valmistelee, mutta eduskunnan valmistelu olisi siinä tiiviisti mukana.",0.25,0.24183,1.2,0.1113,10.784,
azure_gpt4o_transcribe_fi,azure_gpt4o,fi,2016-dev-seen,jouni_backman_01973,se on ongelma niin yksittäisten kansalaisten koko yhteiskunnan tasolla ja siihen pitää määrätietoisesti puuttua,se on ongelma niin yksittäisten kansalaisten koko yhteiskunnan tasolla ja siihen pitää määrätietoisesti puuttua,"Se on ongelma niin yksittäisten kansalaisten koko yhteiskunnan tasolla, ja siihen pitää määrätietoisesti puuttua.",0.0,0.0,0.785,0.0826,9.504,
azure_gpt4o_transcribe_fi,azure_gpt4o,fi,2016-dev-seen,jyri_hakamies_02433,tähän tämä team finland juuri tähtää että kun se koostuu se ohjausryhmä yrityksien edustajista että me saisimme entistä suorempaa entistä parempaa palautetta yrityksiltä mihin halutaan näitä vientiponnisteluja kohdistaa minkätyyppisiä kauppapoliittisia esteitä eri puolilla maailmaa on olemassa joihin pyrkisimme vaikuttamaan,tähän tämä team finland juuri tähtää että kun se koostuu se ohjausryhmä yrityksin edustajista että me saisimme entistä suorempaa entistä parempaa palautetta yrityksiltä mihin halutaan näitä vientiponnisteluja kohdistaa minkä tyyppisiä kauppapoliittisia esteitä eri puolilla maailmaa on olemassa joihin pyrkisimme vaikuttamaan,"Tähän tämä Team Finland juuri tähtää, että kun se koostuu se ohjausryhmä yrityksin edustajista, että me saisimme entistä suorempaa, entistä parempaa palautetta yrityksiltä, mihin halutaan näitä vientiponnisteluja kohdistaa, minkä tyyppisiä kauppapoliittisia esteitä eri puolilla maailmaa on olemassa, joihin pyrkisimme vaikuttamaan.",0.076923,0.006154,1.62,0.0903,17.936,
azure_gpt4o_transcribe_fi,azure_gpt4o,fi,2016-dev-seen,jan_vapaavuori_05829,pekka ala pietilä tulee luovuttamaan raporttinsa tammikuussa ja sen jälkeen viedään heti puolivälin tarkasteluun ja sen ensimmäiseen kehysriiheen siitä tietenkin ne osat jotka arvioidaan voitavan toteuttaa niin mahdollisimman,pekka ala pietilä tulee luovuttamaan raporttinsa tammikuussa ja sen jälkeen viedään heti puolivälintarkasteluun ja ensimmäiseen kehysriiheen siitä tietenkin ne osat jotka arvioidaan voitavan toteuttaa niin mahdollisimman pian,"Pekka Ala-Pietilä tulee luovuttamaan raporttinsa tammikuussa ja sen jälkeen viedään heti puolivälintarkasteluun ja ensimmäiseen kehysriiheen siitä tietenkin ne osat, jotka arvioidaan voitavan toteuttaa niin mahdollisimman pian.",0.142857,0.044444,1.204,0.1041,11.568,
azure_gpt4o_transcribe_auto,azure_gpt4o,auto,2016-dev-seen,jouni_backman_01959,tämä on ensimmäinen varsinainen budjetti koko vaalikaudelle mutta on tärkeää että heti alkuvaiheessa hallitus toteuttaa omaan hallitusohjelmaansa kirjattuja,tämä on ensimmäinen varsinainen budjetti koko vaalikaudelle mutta on tärkeää että heti alkuvaiheessa hallitus toteuttaa omaan hallitusohjelmassa kirjattuja,"Tämä on ensimmäinen varsinainen budjetti koko vaalikaudelle, mutta on tärkeää, että heti alkuvaiheessa hallitus toteuttaa omaan hallitusohjelmassa kirjattuja",0.055556,0.012821,0.906,0.0817,11.088,
azure_gpt4o_transcribe_auto,azure_gpt4o,auto,2016-dev-seen,carl_haglund_02628,mutta et se tärkeä mikä pitäisi parantaa on se että kun siinä kutsuntatilanteessa todetaan että se kaveri ei kykene suorittamaan sitä palvelusta niin siinä vaiheessa pitäisi joku muu taho katsoa että jos sen nuoren miehen tilanne ei ole hyvä että varmistetaan että joku ottaa siitä kopin niin että se ei putoa järjestelmästä väliin,mutta se tärkeä mikä pitäisi parantaa on se että kun siinä kutsuntatilanteessa todetaan että se kaveri ei kykene suorittamaan sitä palvelusta niin siinä vaiheessa pitäisi joku muu taho katsoa että jos sen nuoren miehen tilanne ei ole hyvä että varmistetaan että joku ottaa siitä kopin niin että se ei putoa järjestelmästä väliin,"Mutta se tärkeä, mikä pitäisi parantaa, on se, että kun siinä kutsuntatilanteessa todetaan, että se kaveri ei kykene suorittamaan sitä palvelusta, niin siinä vaiheessa pitäisi joku muu taho katsoa, että jos sen nuoren miehen tilanne ei ole hyvä, että varmistetaan, että joku ottaa siitä kopin niin, että se ei putoa järjestelmästä väliin.",0.018868,0.009063,1.327,0.0675,19.672,
azure_gpt4o_transcribe_auto,azure_gpt4o,auto,2016-dev-seen,anne_mari_virolainen_04351,valtiovarainvaliokunnassa pidimme tärkeänä myös päihdeäitien sekä heidän syrjäytymisvaarassa olevien lastensa asiaa,valtiovarainvaliokunnassa pidimme tärkeänä myös päideäitien sekä heidän syrjäytymisvaarassa olevien lastensa asiaa,Valtiovarainvaliokunnassa pidimme tärkeänä myös päideäitien sekä heidän syrjäytymisvaarassa olevien lastensa asiaa.,0.090909,0.008696,0.799,0.1023,7.808,
azure_gpt4o_transcribe_auto,azure_gpt4o,auto,2016-dev-seen,jyri_hakamies_02700,meillä on esimerkiksi kaakkois suomessa tämmöinen liikuntaneuvoja mukana näissä tilaisuuksissa ja pyritään niitä jotka itse arvioivat että heidän kuntonsa edellyttäisi kohentamista niin ennen palvelukseen astumista eli vuoden kahden aikana siihen kuntopuoleen,meillä on esimerkiksi kaakkois suomessa liikuntaneuvojia mukana näissä tilaisuuksissa,Meillä on esimerkiksi Kaakkois-Suomessa liikuntaneuvojia mukana näissä tilaisuuksissa.,0.741935,0.679537,0.742,0.0547,13.563,
azure_gpt4o_transcribe_auto,azure_gpt4o,auto,2016-dev-seen,hanna_tainio_01920,lastensuojelun puolellahan on ollut myös vakavia ongelmia mutta niihinkin puututaan nyt vahvistamalla lapsen oikeuksia ja parantamalla työntekijöiden mahdollisuuksia perehtyä lapsen tilanteeseen ja,lastensuojelun puolellahan on ollut myös vakavia ongelmia mutta niihinkin puututaan nyt vahvistamalla lapsen oikeuksia ja parantamalla työntekijöiden mahdollisuuksia perehtyä lapsen tilanteeseen,"Lastensuojelun puolellahan on ollut myös vakavia ongelmia, mutta niihinkin puututaan nyt vahvistamalla lapsen oikeuksia ja parantamalla työntekijöiden mahdollisuuksia perehtyä lapsen tilanteeseen.",0.045455,0.015228,0.958,0.092,10.424,
azure_gpt4o_transcribe_auto,azure_gpt4o,auto,2016-dev-seen,eero_suutari_02968,arvoisa puhemies,arvoisa puhemies,Arvoisa puhemies.,0.0,0.0,0.483,0.534,0.904,
azure_gpt4o_transcribe_auto,azure_gpt4o,auto,2016-dev-seen,eero_suutari_02922,samalla eduskunta hyväksyy seuraavan hyväksyi seuraavan lausuman,samalla eduskunta hyväksyi seuraavan lausuman,Samalla eduskunta hyväksyi seuraavan lausuman:,0.285714,0.296875,0.589,0.1666,3.536,
azure_gpt4o_transcribe_auto,azure_gpt4o,auto,2016-dev-seen,carl_haglund_02703,valitettavasti valtiontalouden tilasta johtuen eivät puolustusvoimauudistuksen hedelmät ole kuitenkaan jäämässä puolustusvoimien käyttöön,valitettavasti valtiontalouden tilasta johtuen eivät puolustusvoimauudistuksen hedelmät ole kuitenkaan jäämässä puolustusvoimien käyttöön,Valitettavasti valtiontalouden tilasta johtuen eivät puolustusvoimauudistuksen hedelmät ole kuitenkaan jäämässä puolustusvoimien käyttöön.,0.0,0.0,0.882,0.0836,10.552,
azure_gpt4o_transcribe_auto,azure_gpt4o,auto,2016-dev-seen,jyri_hakamies_02689,kysymys on siis paitsi siitä että se on olennainen osa että sen korvaaminen tulisi kovin kovin tuota kalliiksi eli eli tässä suhteessa puolustushallinto on lähtenyt lähtenyt tuomalla esille näitä faktoja mutta hallitus lähikuukausina asiaa käsittelee,kysymys on siis paitsi siitä että se on olennainen osa että sen korvaaminen tulisi kovin kalliiksi eli tässä suhteessa puolustushallinto on lähtenyt tuomalla esille näitä faktoja mutta hallitus lähikuukausina asiaa käsittelee,"Kysymys on siis paitsi siitä, että se on olennainen osa, että sen korvaaminen tulisi kovin kalliiksi, eli tässä suhteessa puolustushallinto on lähtenyt tuomalla esille näitä faktoja, mutta hallitus lähikuukausina asiaa käsittelee.",0.114286,0.1,1.159,0.0851,13.607,
azure_gpt4o_transcribe_auto,azure_gpt4o,auto,2016-dev-seen,carl_haglund_02604,mitä tulee tähän maanpuolustustahtoon näille alueille joista lakkaa varuskunnat niin puolustusvoimissa on tällä hetkellä suunnitteilla nämä niin sanotut paikallisjoukot joka on siis uusi joukkotyyppi joka on edustaja joka on komentaja puheloisen,mitä tuo tähän maanpuolustustahtoon näille alueille joista lakkaa varuskunnat,"Mitä tuo tähän maanpuolustustahtoon näille alueille, joista lakkaa varuskunnat?",0.741935,0.689796,0.874,0.0669,13.055,
azure_gpt4o_transcribe_auto,azure_gpt4o,auto,2016-dev-seen,jyri_hakamies_02376,energiapaletti se perustuu yhtäältä ydinvoiman lisäämiseen ja toisaalta vahvoihin panostuksiin uusiutuvan energian osalta mutta mielestäni kunnianhimon tasoa on syytä nostaa ja sitä hallitus tulee tämän syksyn aikana käsittelemään ja energiailmastostrategia uudistetaan ajastetaan tämän syksyn aikana ja eduskunta saa sen sitten käsiteltäväkseen,mutta mielestäni kunnianhimotasoa on syytä nostaa ja sitä hallitus tulee tämän syksyn aikana käsittelemään ja energiailmastostrategia uudistetaan ajastetaan tämän syksyn aikana ja eduskunta saa sen sitten käsiteltäväkseen,"mutta mielestäni kunnianhimotasoa on syytä nostaa ja sitä hallitus tulee tämän syksyn aikana käsittelemään ja energiailmastostrategia uudistetaan, ajastetaan tämän syksyn aikana ja eduskunta saa sen sitten käsiteltäväkseen.",0.365854,0.35942,1.07,0.0562,19.056,
azure_gpt4o_transcribe_auto,azure_gpt4o,auto,2016-dev-seen,jyri_hakamies_02695,sen yhtiön enemmistö on on on eduskuntavaltuuden takana ja yrityksellä on hyvin keskeinen ja tärkeä rooli energiayhtiönä että siinä mielessä,yhtiön enemmistön on eduskuntavaltuuden takana,yhtiön enemmistön on eduskuntavaltuuden takana.,0.8,0.671429,0.697,0.0801,8.696,
azure_gpt4o_transcribe_auto,azure_gpt4o,auto,2016-dev-seen,jari_koskinen_02952,on kerrottu että se on edelleenkin meille tärkeä jatkossa ja edelleenkin sen pitää olla samalla tavalla tuotantoon sidottua tukea ja myös mukana oltava investointituet koska se kokonaisuus on meidän mielestämme järkevin ja toiminut tähänkin asti,on kerrottu että se on edelleenkin meille tärkeä jatkossa ja edelleenkin se pitää olla samalla tavalla tuotantoon sidottua tukea ja myös mukana investointituet koska se kokonaisuus on meidän mielestämme järkevin ja toiminut tähänkin asti,"On kerrottu, että se on edelleenkin meille tärkeä jatkossa, ja edelleenkin se pitää olla samalla tavalla tuotantoon sidottua tukea ja myös mukana investointituet, koska se kokonaisuus on meidän mielestämme järkevin ja toiminut tähänkin asti.",0.057143,0.032653,1.12,0.0952,11.763,
azure_gpt4o_transcribe_auto,azure_gpt4o,auto,2016-dev-seen,carl_haglund_02557,taustalla on etenkin se että on haluttu päivittää tätä nykyistä puitelakia jossa suuri yhteiskunnallinen muutos on se tosiasia että liian harva suomalainen liikkuu ja on liian monia suomalaisia jotka sitten eivät liiku,taustalla on etenkin se että on haluttu päivittää nykyistä puitelakia jossa suuri yhteiskunnallinen muutos on se tosiasia että liian harva suomalainen liikkuu ja on liian monia suomalaisia jotka sitten eivät liiku,"Taustalla on etenkin se, että on haluttu päivittää nykyistä puitelakia, jossa suuri yhteiskunnallinen muutos on se tosiasia, että liian harva suomalainen liikkuu ja on liian monia suomalaisia, jotka sitten eivät liiku.",0.03125,0.022936,1.079,0.067,16.107,
azure_gpt4o_transcribe_auto,azure_gpt4o,auto,2016-dev-seen,jouni_backman_01836,se millä tavalla se muistuttaa taas sitä keskustan ajattelutapaa on tämä miljardiluokan rahasto jolla valtio olisi panostamassa yritystoimintaan,se millä tavalla se muistuttaa taas sitä keskustan ajattelutapaa on tämä miljardiluokan rahasto jolla valtio olisi panostamassa yritystoimintaan,"Se millä tavalla se muistuttaa taas sitä keskustan ajattelutapaa, on tämä miljardiluokan rahasto, jolla valtio olisi panostamassa yritystoimintaan.",0.0,0.0,0.91,0.0778,11.694,
azure_gpt4o_transcribe_auto,azure_gpt4o,auto,2016-dev-seen,jan_vapaavuori_05850,se johtuu eun pankkikriisin seurauksena syntyneestä pankkisääntelystä joka kiristää vakavaraisuusvaatimuksia,se johtuu eu n pankkikriisin seurauksena syntyneestä pankkisääntelystä joka kiristää vakavaraisuusvaatimuksia,"Se johtuu EU:n pankkikriisin seurauksena syntyneestä pankkisääntelystä, joka kiristää vakavaraisuusvaatimuksia.",0.2,0.009259,0.831,0.1262,6.584,
azure_gpt4o_transcribe_auto,azure_gpt4o,auto,2016-dev-seen,anne_mari_virolainen_04370,liikennepoliittisen selonteon käsittelyn yhteydessä eduskunta hyväksyy kannanoton jonka mukaan mahdollisuudet tie ja liikennerahastojen käyttämiseen on selvitettävä tällä hallituskaudella,liikennepoliittisen selonteon käsittelyn yhteydessä eduskunta hyväksyy kannanoton jonka mukaan mahdollisuudet tie ja liikenne rahastojen käyttämiseen on selvitettävä tällä hallituskaudella,"Liikennepoliittisen selonteon käsittelyn yhteydessä eduskunta hyväksyy kannanoton, jonka mukaan mahdollisuudet tie- ja liikenne rahastojen käyttämiseen on selvitettävä tällä hallituskaudella.",0.111111,0.005348,1.026,0.1005,10.203,
azure_gpt4o_transcribe_auto,azure_gpt4o,auto,2016-dev-seen,anne_mari_virolainen_04368,koska jo vuosien ajan korjausvelkaa on kerätty runsaasti on aivan ilmeistä että perusväylänpidon rahoitus on tällä hetkellä pahasti jäljessä tavoitetasosta,koska jo vuosien ajan korjausvelkaa on kerätty runsaasti on aivan ilmeistä että perusväylänpidon rahoitus on tällä hetkellä pahasti jäljessä tavoitetasosta,"Koska jo vuosien ajan korjausvelkaa on kerätty runsaasti, on aivan ilmeistä, että perusväylänpidon rahoitus on tällä hetkellä pahasti jäljessä tavoitetasosta.",0.0,0.0,0.949,0.1164,8.151,
azure_gpt4o_transcribe_auto,azure_gpt4o,auto,2016-dev-seen,carl_haglund_02577,lakiin on myös lisätty hajanaisen käsitekentän yhtenäistämiseksi määritelmät liikunnasta huippu urheilusta ja terveyttä ja hyvinvointia edistävästä liikunnasta lain sovinto,lakiin on myös lisätty hajanaisen käsitekentän yhtenäistämiseksi määritelmät liikunnasta huippu urheilusta ja terveyttä ja hyvinvointia edistävästä liikunnasta lain soveltamista varten,"Lakiin on myös lisätty hajanaisen käsitekentän yhtenäistämiseksi määritelmät liikunnasta, huippu-urheilusta ja terveyttä ja hyvinvointia edistävästä liikunnasta lain soveltamista varten.",0.105263,0.081395,1.119,0.0846,13.224,
azure_gpt4o_transcribe_auto,azure_gpt4o,auto,2016-dev-seen,eero_suutari_02912,yliopistokeskuksia kehitetään erityisesti aikuisväestön koulutus ja osaamistason nostamisen alueellisina koordinaatio ja resurssikeskuksina sekä alueen tarpeita tukevaan tutkimustoimintaan tukevaan tutkimustoimintaan jossa tehtävässä ne toimivat tiiviissä yhteistyössä alueiden ja niiden,yliopistokeskuksia kehitetään erityisesti aikuisväestön koulutus ja osaamistasoon nostamisen alueellisina koordinaatio ja resurssikeskuksina sekä alueen tarpeita tukevan tutkimustoiminta jos on tehtävässä toimivat tiivis yhteistyö,Yliopistokeskuksia kehitetään erityisesti aikuisväestön koulutus- ja osaamistasoon nostamisen alueellisina koordinaatio- ja resurssikeskuksina sekä alueen tarpeita tukevan tutkimustoiminta. Jos on tehtävässä toimivat tiivis yhteistyö.,0.428571,0.216028,1.086,0.0624,17.384,
azure_gpt4o_transcribe_auto,azure_gpt4o,auto,2016-dev-seen,eero_suutari_02947,vesihuoltohankkeet ovat haja asutusalueilla monessa mielessä tarpeellisia ja perusteltuja,vesihuoltohankkeet ovat haja asutuilla alueilla monessa mielessä tarpeellisia ja perusteltuja,Vesihuoltohankkeet ovat haja-asutuilla alueilla monessa mielessä tarpeellisia ja perusteltuja.,0.222222,0.05618,0.778,0.1032,7.544,
azure_gpt4o_transcribe_auto,azure_gpt4o,auto,2016-dev-seen,jari_koskinen_02773,ne pitää suunata uudestaan mutta olen kovin huolissani että jos metsänomistajan ainoa motiivi tehdä metsässä uudistustöitä tai nuoren metsän hoitotöitä on se että siihen saa valtiolta vähän rahaa,olen kovin huolissani että jos metsänomistajan ainoa motiivi tehdä metsässä uudistustöitä tai nuoren metsän hoitotöitä on se että siihen saa valtiolta vähän rahaa,"Olen kovin huolissani, että jos metsänomistajan ainoa motiivi tehdä metsässä uudistustöitä tai nuoren metsän hoitotöitä on se, että siihen saa valtiolta vähän rahaa.",0.178571,0.169231,0.91,0.0742,12.257,
azure_gpt4o_transcribe_auto,azure_gpt4o,auto,2016-dev-seen,jouni_backman_01871,allekirjoittanut kaupunginvaltuuston puheenjohtajana ei ole voinut vaikuttaa niihin päätöksiin missä on yksityistetty sosterin puoleen ja nyt niitä palautetaan takaisin kunnan omaan työhön,allekirjoittanut kaupunginvaltuuston puheenjohtaja ei ole voinut vaikuttaa niihin päätöksiin missä on yksityistetty sosterin puolia ja nyt niitä palautetaan takaisin kunnan omaan työhön,"Allekirjoittanut kaupunginvaltuuston puheenjohtaja ei ole voinut vaikuttaa niihin päätöksiin, missä on yksityistetty sosterin puolia, ja nyt niitä palautetaan takaisin kunnan omaan työhön.",0.090909,0.026596,1.025,0.1258,8.148,
azure_gpt4o_transcribe_auto,azure_gpt4o,auto,2016-dev-seen,anne_mari_virolainen_04355,sitä odotellessa toivomme tästä salista kaikilta kaikilta kannatusta istanbulin sopimuksen eteenpäinviemiseen edustaja tossavainen poissa,sitä odotellessa toivomme tästä salista kaikilta kannatusta istanbulin sopimuksen eteenpäin viemiseen,Sitä odotellessa toivomme tästä salista kaikilta kannatusta Istanbulin sopimuksen eteenpäin viemiseen.,0.357143,0.277372,0.842,0.0693,12.152,
azure_gpt4o_transcribe_auto,azure_gpt4o,auto,2016-dev-seen,jari_koskinen_03001,ja kyl se meidän toivomus on kaikkien se että markkinat toimisi paremmin ja kysyntää olisi sillä tavalla että syntyisi myös semmoista energiantuotantoa ettei aina kysyttäisi sitä paljonko pitää maksaa tukea elikkä että löytyisi sitten ihan kannattavaa toimintaa,toivomus on kaikkinensa että markkinat toimisi paremmin,"Toivomus on kaikkinensa, että markkinat toimisi paremmin.",0.837838,0.800766,0.93,0.0728,12.779,
azure_gpt4o_transcribe_auto,azure_gpt4o,auto,2016-dev-seen,eero_suutari_02863,sulussa kulutustason nosto asiantuntemusta ja tutkimustoimintaa yritysten ja julkisen sektorin käyttöön sulku kiinni että emo yhtiö emo yliopistolle muun muassa,koulutustason nosto asiantuntemusta ja tutkimustoimintaa yritysten ja julkisen sektorin käyttöön että emoyliopistolle muun muassa,"koulutustason nosto, asiantuntemusta ja tutkimustoimintaa yritysten ja julkisen sektorin käyttöön, että emoyliopistolle muun muassa",0.4,0.20625,0.945,0.0894,10.56,
azure_gpt4o_transcribe_auto,azure_gpt4o,auto,2016-dev-seen,jyri_hakamies_02477,eli eli ihan perustuslain mukaan että valtioneuvosto valmistelee mutta eduskuntaseuranta eduskuntavalmistelu olisi siinä tiiviisti mukana kriisihallinnan,ihan perustuslain mukaan että valtioneuvosto valmistelee mutta eduskunta olisi siinä tiiviisti mukana,"ihan perustuslain mukaan, että valtioneuvosto valmistelee, mutta eduskunta olisi siinä tiiviisti mukana.",0.3125,0.339869,0.853,0.0791,10.784,
azure_gpt4o_transcribe_auto,azure_gpt4o,auto,2016-dev-seen,jouni_backman_01973,se on ongelma niin yksittäisten kansalaisten koko yhteiskunnan tasolla ja siihen pitää määrätietoisesti puuttua,se on ongelma niin yksittäisten kansalaisten kuin koko yhteiskunnan tasolla ja siihen pitää määrätietoisesti puuttua,"Se on ongelma niin yksittäisten kansalaisten kuin koko yhteiskunnan tasolla, ja siihen pitää määrätietoisesti puuttua.",0.071429,0.045045,0.837,0.0881,9.504,
azure_gpt4o_transcribe_auto,azure_gpt4o,auto,2016-dev-seen,jyri_hakamies_02433,tähän tämä team finland juuri tähtää että kun se koostuu se ohjausryhmä yrityksien edustajista että me saisimme entistä suorempaa entistä parempaa palautetta yrityksiltä mihin halutaan näitä vientiponnisteluja kohdistaa minkätyyppisiä kauppapoliittisia esteitä eri puolilla maailmaa on olemassa joihin pyrkisimme vaikuttamaan,tähän tämä team finland juuri tähtää että kun se koostuu se ohjausryhmä yrityksin edustajista että me saisimme entistä suorempaa entistä parempaa palautetta yrityksiltä mihin halutaan näitä vientiponnisteluja kohdistaa minkä tyyppisiä kauppapoliittisia esteitä eri puolilla maailmaa on olemassa joihin pyrkisimme vaikuttamaan,"Tähän tämä Team Finland juuri tähtää, että kun se koostuu se ohjausryhmä yrityksin edustajista, että me saisimme entistä suorempaa, entistä parempaa palautetta yrityksiltä, mihin halutaan näitä vientiponnisteluja kohdistaa, minkä tyyppisiä kauppapoliittisia esteitä eri puolilla maailmaa on olemassa, joihin pyrkisimme vaikuttamaan.",0.076923,0.006154,1.433,0.0799,17.936,
azure_gpt4o_transcribe_auto,azure_gpt4o,auto,2016-dev-seen,jan_vapaavuori_05829,pekka ala pietilä tulee luovuttamaan raporttinsa tammikuussa ja sen jälkeen viedään heti puolivälin tarkasteluun ja sen ensimmäiseen kehysriiheen siitä tietenkin ne osat jotka arvioidaan voitavan toteuttaa niin mahdollisimman,pekka ala pietilä tulee luovuttamaan raporttinsa tammikuussa ja sen jälkeen viedään heti puolivälitarkasteluun ja ensimmäiseen kehysriiheen siitä tietenkin ne osat jotka arvioidaan voitavan toteuttaa mahdollisimman pian,"Pekka Ala-Pietilä tulee luovuttamaan raporttinsa tammikuussa ja sen jälkeen viedään heti puolivälitarkasteluun ja ensimmäiseen kehysriiheen siitä tietenkin ne osat, jotka arvioidaan voitavan toteuttaa mahdollisimman pian.",0.178571,0.071111,1.128,0.0975,11.568,
